{
	"A": {
		"AcePerSet": [0.42105263157894735, 0.31206687435872155],
		"AttPointPerSet": [1.9624624624624625, 1.1759252282712653],
		"RecePos": [63.52862849533955, 18.497350531384015],
		"RecePerf": [37.55958721704394, 25.35349505848209],
		"BlockPerSet": [0.40604026845637586, 0.22009602986095478],
		"AttPerc": [44.59269375213383, 14.445304047652336],
		"AttEff": [40.62068965517241, 15.179404950650069]
	},
	"S": {
		"AcePerSet": [0.4744186046511628, 0.3297354047918525],
		"BlockPerSet": [0.4147465437788018, 0.2299349843983436]
	},
	"D": {
		"AcePerSet": [0.40186915887850466, 0.26772887262254913],
		"AttPointPerSet": [3.0576923076923075, 1.7163070993186498],
		"BlockPerSet": [0.45864661654135336, 0.2628533862993845],
		"AttPerc": [50.30506329113924, 10.873814775910265],
		"AttEff": [44.02088607594937, 12.567647604204893]
	},
	"M": {
		"AcePerSet": [0.30357142857142855, 0.10914141318748975],
		"AttPointPerSet": [1.3785425101214575, 0.6527413653417767],
		"BlockPerSet": [0.708029197080292, 0.4169371491403187],
		"AttPerc": [56.95648535564854, 16.511432257034993],
		"AttEff": [55.394142259414224, 17.027650636214243]
	},
	"L": {
		"RecePos": [60.90351366424986, 17.527928600300783],
		"RecePerf": [32.35973229224763, 21.207142046278992]
	}
}
